{
    "min_color": [
        -0.18700215220451355,
        -0.18642005324363708,
        -0.6853669285774231
    ],
    "max_color": [
        0.9549019932746887,
        0.9776999354362488,
        0.5220894813537598
    ],
    "color_mode": "RELATIVE"
}