{
  "color_path": {
    "colors": [
      [
        0.41903865337371826,
        0.5521284341812134,
        0.23015950620174408
      ],
      [
        0.46903865337371825,
        0.6276054341812134,
        0.15314450620174408
      ],
      [
        0.8216280579566956,
        0.4658574044704437,
        0.03502205908298489
      ],
      [
        0.8877265930175781,
        0.6633378863334656,
        0.3352740556001663
      ]
    ],
    "base_color": [
      0.41903865337371826,
      0.5521284341812134,
      0.23015950620174408
    ],
    "relative_colors": [
      [
        0.0,
        0.0,
        0.0
      ],
      [
        0.05,
        0.075477,
        -0.077015
      ],
      [
        0.4025894045829773,
        -0.08627102971076966,
        -0.1951374471187592
      ],
      [
        0.4686879396438598,
        0.1112094521522522,
        0.10511454939842224
      ]
    ],
    "relative_distances": [
      0.0,
      0.1335870243060179,
      0.5893291999500829,
      1.0
    ],
    "equidistant_distances": [
      0.0,
      0.3333333333333333,
      0.6666666666666666,
      1.0
    ],
    "mode": "rgb",
    "name": "Color Path for Label 1"
  },
  "color_mode": "relative",
  "values": [
    0.0,
    0.3333333333333333,
    0.6666666666666666,
    1.0
  ],
  "ignore_spectrum": null
}