{
  "color_path": {
    "colors": [
      [
        0.21305780112743378,
        0.35423392057418823,
        0.0847100093960762
      ],
      [
        0.34480878710746765,
        0.4177454635500908,
        0.05954271741211414
      ],
      [
        0.8519381135702133,
        0.45495302230119705,
        0.11495982483029366
      ],
      [
        0.8014111965894699,
        0.5715384781360626,
        0.32267948240041733
      ]
    ],
    "base_color": [
      0.21305780112743378,
      0.35423392057418823,
      0.0847100093960762
    ],
    "relative_colors": [
      [
        0.0,
        0.0,
        0.0
      ],
      [
        0.13175098598003387,
        0.06351154297590256,
        -0.02516729198396206
      ],
      [
        0.6388803124427795,
        0.10071910172700882,
        0.030249815434217453
      ],
      [
        0.5883533954620361,
        0.2173045575618744,
        0.23796947300434113
      ]
    ],
    "relative_distances": [
      0.0,
      0.16427654182213638,
      0.7304659917855217,
      1.0
    ],
    "equidistant_distances": [
      0.0,
      0.3333333333333333,
      0.6666666666666666,
      1.0
    ],
    "mode": "rgb",
    "name": "Color Path for Label 2"
  },
  "color_mode": "relative",
  "values": [
    0.0,
    0.3333333333333333,
    0.6666666666666666,
    1.0
  ],
  "ignore_spectrum": null
}