{
  "color_path": {
    "colors": [
      [
        0.0,
        0.0,
        0.0
      ],
      [
        0.005998194217681885,
        -0.020444202423095637,
        0.03005155026912687
      ],
      [
        0.005998194217681885,
        -0.020444202423095637,
        -0.04501144886016839
      ],
      [
        -0.06010034084320065,
        -0.020444202423095637,
        -0.04501144886016839
      ]
    ],
    "base_color": [
      0.0,
      0.0,
      0.0
    ],
    "relative_colors": [
      [
        0.0,
        0.0,
        0.0
      ],
      [
        0.005998194217681885,
        -0.020444202423095637,
        0.03005155026912687
      ],
      [
        0.005998194217681885,
        -0.020444202423095637,
        -0.04501144886016839
      ],
      [
        -0.06010034084320065,
        -0.020444202423095637,
        -0.04501144886016839
      ]
    ],
    "relative_distances": [
      0.0,
      0.2069556688886546,
      0.6286589769265571,
      1.0
    ],
    "equidistant_distances": [
      0.0,
      0.3333333333333333,
      0.6666666666666666,
      1.0
    ],
    "mode": "rgb",
    "name": "Color Path for Label 0"
  },
  "color_mode": "relative",
  "values": [
    0.0,
    0.3333333333333333,
    0.6666666666666666,
    1.0
  ],
  "ignore_spectrum": null
}