{
    "min_color": [
        -0.18078278005123138,
        -0.2419271022081375,
        -0.6131433844566345
    ],
    "max_color": [
        0.9996553063392639,
        0.9450981020927429,
        0.5868873000144958
    ],
    "color_mode": "RELATIVE"
}