supports,values
0.0,0.0
0.333333333333,0.0696902079052
0.666666666667,0.535881773967
1.0,0.702278627619
