{
  "color_path": {
    "colors": [
      [
        0.0,
        0.0,
        0.0
      ],
      [
        -0.01571653038263321,
        -0.011802054941654205,
        -0.021265903115272433
      ]
    ],
    "base_color": [
      0.0,
      0.0,
      0.0
    ],
    "relative_colors": [
      [
        0.0,
        0.0,
        0.0
      ],
      [
        -0.01571653038263321,
        -0.011802054941654205,
        -0.021265903115272433
      ]
    ],
    "relative_distances": [
      0.0,
      1.0
    ],
    "equidistant_distances": [
      0.0,
      1.0
    ],
    "mode": "rgb",
    "name": "Color Path for Label 0"
  },
  "color_mode": "relative",
  "values": [
    0.0,
    1.0
  ],
  "ignore_spectrum": null
}