{"colors": [[0.03035828284919262, 0.10750148445367813, 0.3526158928871155], [0.30689325742423534, 0.32787004858255386, 0.04827678203582764], [0.9494533222168684, 0.6359258070588112, -0.0836123526096344], [0.9293793719261885, 0.8189944997429848, 0.4583740830421448]], "base_color": [0.03035828284919262, 0.10750148445367813, 0.3526158928871155], "relative_colors": [[0.0, 0.0, 0.0], [0.2765349745750427, 0.22036856412887573, -0.30433911085128784], [0.9190950393676758, 0.5284243226051331, -0.4362282454967499], [0.8990210890769958, 0.7114930152893066, 0.1057581901550293]], "relative_distances": [0.0, 0.2645291073036479, 0.6754333348363342, 1.0], "equidistant_distances": [0.0, 0.3333333333333333, 0.6666666666666666, 1.0], "mode": "rgb", "name": "Color Path for Label 2"}