supports,values
0.0,0.0
0.333333333333,0.0739419738816
0.666666666667,0.4
1.0,0.67
