supports,values
0.0,0.0
0.333333333333,0.164276541822
0.666666666667,0.730465991786
1.0,1.0
