supports,values
0.0,0.0
0.333333333333,0.154831906388
0.666666666667,0.573701794303
1.0,0.601811671285
