supports,values
0.0,0.0
0.333333333333,0.264529107304
0.666666666667,0.675433334836
1.0,1.0
