{
    "min_color": [
        -0.6682559847831726,
        -0.6362860202789307,
        -0.6618872880935669
    ],
    "max_color": [
        0.9924293160438538,
        0.7803922295570374,
        0.630208432674408
    ],
    "color_mode": "RELATIVE"
}