{
    "min_color": [
        -0.32449448108673096,
        -0.5470588207244873,
        -0.6455154418945312
    ],
    "max_color": [
        0.9974762201309204,
        0.7694777250289917,
        0.8557445406913757
    ],
    "color_mode": "RELATIVE"
}