{
  "color_path": {
    "colors": [
      [
        0.056220799684524536,
        0.24497883021831512,
        0.5816537737846375
      ],
      [
        0.1818128377199173,
        0.3917483538389206,
        0.37788479030132294
      ],
      [
        0.8123447597026825,
        0.6685926467180252,
        0.05730468034744263
      ],
      [
        0.8627682030200958,
        0.6629028767347336,
        0.05244559049606323
      ]
    ],
    "base_color": [
      0.056220799684524536,
      0.24497883021831512,
      0.5816537737846375
    ],
    "relative_colors": [
      [
        0.0,
        0.0,
        0.0
      ],
      [
        0.12559203803539276,
        0.14676952362060547,
        -0.20376898348331451
      ],
      [
        0.756123960018158,
        0.4236138164997101,
        -0.5243490934371948
      ],
      [
        0.8065474033355713,
        0.41792404651641846,
        -0.5292081832885742
      ]
    ],
    "relative_distances": [
      0.0,
      0.25727634370728536,
      0.9532912398970735,
      1.0
    ],
    "equidistant_distances": [
      0.0,
      0.3333333333333333,
      0.6666666666666666,
      1.0
    ],
    "mode": "rgb",
    "name": "Color Path for Label 1"
  },
  "color_mode": "relative",
  "values": [
    0.0,
    0.3333333333333333,
    0.6666666666666666,
    1.0
  ],
  "ignore_spectrum": null
}