{
  "color_path": {
    "colors": [
      [
        0.0,
        0.0,
        0.0
      ],
      [
        -0.030872371792793285,
        -0.04595588445663451,
        0.02478645145893099
      ],
      [
        -0.030872371792793285,
        -0.04595588445663451,
        -0.04433450102806091
      ]
    ],
    "base_color": [
      0.0,
      0.0,
      0.0
    ],
    "relative_colors": [
      [
        0.0,
        0.0,
        0.0
      ],
      [
        -0.030872371792793285,
        -0.04595588445663451,
        0.02478645145893099
      ],
      [
        -0.030872371792793285,
        -0.04595588445663451,
        -0.04433450102806091
      ]
    ],
    "relative_distances": [
      0.0,
      0.4673954816547303,
      1.0
    ],
    "equidistant_distances": [
      0.0,
      0.5,
      1.0
    ],
    "mode": "rgb",
    "name": "Color Path for Label 0"
  },
  "color_mode": "relative",
  "values": [
    0.0,
    0.5,
    1.0
  ],
  "ignore_spectrum": null
}