{
    "min_color": [
        -0.21279102563858032,
        -0.30378371477127075,
        -0.7355440258979797
    ],
    "max_color": [
        1.0,
        0.9853554368019104,
        0.6468750238418579
    ],
    "color_mode": "RELATIVE"
}