supports,values
0.0,0.0
0.333333333333,0.15668918488
0.666666666667,0.5
1.0,0.62
