{"colors": [[0.4555860161781311, 0.4643913507461548, 0.6301112174987793], [0.5813131183385849, 0.5658177733421326, 0.5299060791730881], [0.7824407294392586, 0.6854132935404778, 0.36735403239727016], [0.8710022866725922, 0.7644607722759247, 0.38593249022960663]], "base_color": [0.4555860161781311, 0.4643913507461548, 0.6301112174987793], "relative_colors": [[0.0, 0.0, 0.0], [0.1257271021604538, 0.10142642259597778, -0.10020513832569122], [0.32685471326112747, 0.22102194279432297, -0.26275718510150914], [0.41541627049446106, 0.3000694215297699, -0.24417872726917267]], "relative_distances": [0.0, 0.3193965927942148, 0.7981179339404775, 1.0], "equidistant_distances": [0.0, 0.3333333333333333, 0.6666666666666666, 1.0], "mode": "rgb", "name": "Color Path for Label 1"}