{"colors": [[0.3158077895641327, 0.31048569083213806, 0.36172235012054443], [0.5225466340780258, 0.4724816828966141, 0.2148170918226242], [0.8656931221485138, 0.7143406569957733, 0.10861366987228394], [0.9516858756542206, 0.8700433075428009, 0.49167995154857635]], "base_color": [0.3158077895641327, 0.31048569083213806, 0.36172235012054443], "relative_colors": [[0.0, 0.0, 0.0], [0.20673884451389313, 0.161995992064476, -0.14690525829792023], [0.5498853325843811, 0.40385496616363525, -0.2531086802482605], [0.6358780860900879, 0.5595576167106628, 0.12995760142803192]], "relative_distances": [0.0, 0.26025458215767266, 0.6347509371730178, 1.0], "equidistant_distances": [0.0, 0.3333333333333333, 0.6666666666666666, 1.0], "mode": "rgb", "name": "Color Path for Label 2"}