{
  "color_path": {
    "colors": [
      [
        0.12600359320640564,
        0.36770549416542053,
        0.5982590317726135
      ],
      [
        0.18994829058647156,
        0.40838949754834175,
        0.5234965831041336
      ],
      [
        0.5886881947517395,
        0.5602260679006577,
        0.3935897648334503
      ],
      [
        0.7968472540378571,
        0.7007303237915039,
        0.6802423298358917
      ]
    ],
    "base_color": [
      0.12600359320640564,
      0.36770549416542053,
      0.5982590317726135
    ],
    "relative_colors": [
      [
        0.0,
        0.0,
        0.0
      ],
      [
        0.06394469738006592,
        0.04068400338292122,
        -0.07476244866847992
      ],
      [
        0.46268460154533386,
        0.19252057373523712,
        -0.2046692669391632
      ],
      [
        0.6708436608314514,
        0.3330248296260834,
        0.0819832980632782
      ]
    ],
    "relative_distances": [
      0.0,
      0.11403401363187002,
      0.5917776245724186,
      1.0
    ],
    "equidistant_distances": [
      0.0,
      0.3333333333333333,
      0.6666666666666666,
      1.0
    ],
    "mode": "rgb",
    "name": "Color Path for Label 2"
  },
  "color_mode": "relative",
  "values": [
    0.0,
    0.3333333333333333,
    0.6666666666666666,
    1.0
  ],
  "ignore_spectrum": null
}