{
  "color_path": {
    "colors": [
      [
        0.3204628825187683,
        0.5986093878746033,
        0.6840598583221436
      ],
      [
        0.38997144997119904,
        0.6269997023046017,
        0.6502431444823742
      ],
      [
        0.5917999148368835,
        0.6798729598522186,
        0.5523624122142792
      ],
      [
        0.6498236060142517,
        0.6880117207765579,
        0.5067649185657501
      ]
    ],
    "base_color": [
      0.3204628825187683,
      0.5986093878746033,
      0.6840598583221436
    ],
    "relative_colors": [
      [
        0.0,
        0.0,
        0.0
      ],
      [
        0.06950856745243073,
        0.028390314429998398,
        -0.03381671383976936
      ],
      [
        0.27133703231811523,
        0.08126357197761536,
        -0.13169744610786438
      ],
      [
        0.3293607234954834,
        0.08940233290195465,
        -0.17729493975639343
      ]
    ],
    "relative_distances": [
      0.0,
      0.21275603902355444,
      0.8081800973494283,
      1.0
    ],
    "equidistant_distances": [
      0.0,
      0.3333333333333333,
      0.6666666666666666,
      1.0
    ],
    "mode": "rgb",
    "name": "Color Path for Label 1"
  },
  "color_mode": "relative",
  "values": [
    0.0,
    0.3333333333333333,
    0.6666666666666666,
    1.0
  ],
  "ignore_spectrum": null
}