{
  "color_path": {
    "colors": [
      [
        0.0,
        0.0,
        0.0
      ],
      [
        -0.003981864452362038,
        0.001219192147254966,
        -0.015839427709579468
      ]
    ],
    "base_color": [
      0.0,
      0.0,
      0.0
    ],
    "relative_colors": [
      [
        0.0,
        0.0,
        0.0
      ],
      [
        -0.003981864452362038,
        0.001219192147254966,
        -0.015839427709579468
      ]
    ],
    "relative_distances": [
      0.0,
      1.0
    ],
    "equidistant_distances": [
      0.0,
      1.0
    ],
    "mode": "rgb",
    "name": "Color Path for Label 0"
  },
  "color_mode": "relative",
  "values": [
    0.0,
    1.0
  ],
  "ignore_spectrum": null
}