{
  "color_path": {
    "colors": [
      [
        0.05293266102671623,
        0.2292129099369049,
        0.4940528869628906
      ],
      [
        0.08839808776974678,
        0.2824714407324791,
        0.40032093971967697
      ],
      [
        0.6984565414488315,
        0.5807984098792076,
        0.06091410517692564
      ],
      [
        0.9345441587269308,
        0.6995009303092956,
        0.0009125709533691628
      ]
    ],
    "base_color": [
      0.05293266102671623,
      0.2292129099369049,
      0.4940528869628906
    ],
    "relative_colors": [
      [
        0.0,
        0.0,
        0.0
      ],
      [
        0.03546542674303055,
        0.05325853079557419,
        -0.09373194724321365
      ],
      [
        0.6455238804221153,
        0.3515854999423027,
        -0.433138781785965
      ],
      [
        0.8816114977002145,
        0.4702880203723907,
        -0.49314031600952146
      ]
    ],
    "relative_distances": [
      0.0,
      0.09923441375600398,
      0.7630614871251108,
      1.0
    ],
    "equidistant_distances": [
      0.0,
      0.3333333333333333,
      0.6666666666666666,
      1.0
    ],
    "mode": "rgb",
    "name": "Color Path for Label 1"
  },
  "color_mode": "relative",
  "values": [
    0.0,
    0.3333333333333333,
    0.6666666666666666,
    1.0
  ],
  "ignore_spectrum": null
}