{
  "color_path": {
    "colors": [
      [
        0.02962922677397728,
        0.10109841823577881,
        0.2882254719734192
      ],
      [
        0.12343254312872887,
        0.21412713825702667,
        0.0789051204919815
      ],
      [
        0.9075713716447353,
        0.5985277593135834,
        -0.1105022132396698
      ],
      [
        0.9177659712731838,
        0.7712970972061157,
        0.34495759755373
      ]
    ],
    "base_color": [
      0.02962922677397728,
      0.10109841823577881,
      0.2882254719734192
    ],
    "relative_colors": [
      [
        0.0,
        0.0,
        0.0
      ],
      [
        0.09380331635475159,
        0.11302872002124786,
        -0.20932035148143768
      ],
      [
        0.8779421448707581,
        0.49742934107780457,
        -0.398727685213089
      ],
      [
        0.8881367444992065,
        0.6701986789703369,
        0.05673212558031082
      ]
    ],
    "relative_distances": [
      0.0,
      0.15625243291011548,
      0.7022786276194186,
      1.0
    ],
    "equidistant_distances": [
      0.0,
      0.3333333333333333,
      0.6666666666666666,
      1.0
    ],
    "mode": "rgb",
    "name": "Color Path for Label 2"
  },
  "color_mode": "relative",
  "values": [
    0.0,
    0.3333333333333333,
    0.6666666666666666,
    1.0
  ],
  "ignore_spectrum": null
}