supports,values
0.0,0.0
0.333333333333,0.088923347486
0.666666666667,0.48
1.0,0.64
